ID,FIRST_NAME,LAST_NAME,EMAIL,PASSWORD
1,John,Smith,john.smith@email.com,J5m!th2025
2,Mary,Johnson,mary.johnson@email.com,M@ryJ0hn$on
3,Robert,Williams,robert.williams@email.com,R0b3rtW!ll
4,Patricia,Brown,patricia.brown@email.com,P@t8r0wn#
5,Michael,Jones,michael.jones@email.com,M1k3J0n3$!
6,Linda,Garcia,linda.garcia@email.com,L!nd@G@rc1@
7,James,Miller,james.miller@email.com,J@m3$M!ll3r
8,Elizabeth,Davis,elizabeth.davis@email.com,3l!z@b3thD
9,William,Rodriguez,william.rodriguez@email.com,W!llR0dr!g
10,Jennifer,Martinez,jennifer.martinez@email.com,J3nn!M@rt!
11,David,Hernandez,david.hernandez@email.com,D@v!dH3rn@
12,Susan,Lopez,susan.lopez@email.com,Su$@nL0p3z
13,Richard,Gonzalez,richard.gonzalez@email.com,R!ch@rdG0n
14,Jessica,Wilson,jessica.wilson@email.com,J3$$!c@W!l
15,Joseph,Anderson,joseph.anderson@email.com,J03And3r$on
16,Sarah,Thomas,sarah.thomas@email.com,S@r@hTh0m@$
17,Thomas,Taylor,thomas.taylor@email.com,T0mT@yl0r#
18,Karen,Moore,karen.moore@email.com,K@r3nM00r3!
19,Charles,Jackson,charles.jackson@email.com,Ch@rl3$J@ck
20,Nancy,Martin,nancy.martin@email.com,N@ncyM@rt!n
21,Christopher,Lee,christopher.lee@email.com,Chr!$L33#!
22,Lisa,Perez,lisa.perez@email.com,L!$@P3r3z*
23,Daniel,Thompson,daniel.thompson@email.com,D@n!3lTh0mp
24,Margaret,White,margaret.white@email.com,M@rg@r3tW!
25,Matthew,Harris,matthew.harris@email.com,M@ttH@rr!$
26,Betty,Sanchez,betty.sanchez@email.com,B3ttyS@nch3z
27,Anthony,Clark,anthony.clark@email.com,Anth0nyCl@rk
28,Dorothy,Ramirez,dorothy.ramirez@email.com,D0r0thyR@m
29,Paul,Lewis,paul.lewis@email.com,P@ulL3w!$#
30,Sandra,Robinson,sandra.robinson@email.com,S@ndr@R0b!n
31,Mark,Walker,mark.walker@email.com,M@rkW@lk3r$
32,Ashley,Young,ashley.young@email.com,A$hl3yY0ung
33,Donald,Allen,donald.allen@email.com,D0n@ldAll3n
34,Kimberly,King,kimberly.king@email.com,K!mb3rlyK!ng
35,Steven,Wright,steven.wright@email.com,St3v3nWr!ght
36,Emily,Scott,emily.scott@email.com,3m!lyS-c0tt
37,Edward,Torres,edward.torres@email.com,3dw@rdT0rr3$
38,Carol,Hill,carol.hill@email.com,C@r0lH!ll#@
39,Brian,Green,brian.green@email.com,Br!@nGr33n!
40,Amanda,Adams,amanda.adams@email.com,Am@nd@Ad@m$
41,Emma,Smith,emma.smith@email.com,3mm@Sm!th$
42,Liam,Johnson,liam.johnson@email.com,L!@mJ0hn$0n
43,Olivia,Williams,olivia.williams@email.com,0l!v!@W!ll!
44,Noah,Brown,noah.brown@email.com,N0@hBr0wn#%
45,Ava,Jones,ava.jones@email.com,Av@J0n3$*!
46,Sophia,Garcia,sophia.garcia@email.com,S0ph!@G@rc!@
47,Jackson,Miller,jackson.miller@email.com,J@ck$0nM!ll
48,Isabella,Davis,isabella.davis@email.com,!$@b3ll@D@v!$
49,Lucas,Rodriguez,lucas.rodriguez@email.com,Luc@$R0dr!g
50,Mia,Martinez,mia.martinez@email.com,M!@M@rt!n3z
51,Aiden,Hernandez,aiden.hernandez@email.com,A!d3nH3rn@nd
52,Harper,Lopez,harper.lopez@email.com,H@rp3rL0p3z
53,Ethan,Gonzalez,ethan.gonzalez@email.com,3th@nG0nz@l3z
54,Amelia,Wilson,amelia.wilson@email.com,Am3l!@W!l$0n
55,Mason,Anderson,mason.anderson@email.com,M@$0nAnd3r$
56,Evelyn,Thomas,evelyn.thomas@email.com,3v3lynTh0m@$
57,Logan,Taylor,logan.taylor@email.com,L0g@nT@yl0r
58,Charlotte,Moore,charlotte.moore@email.com,Ch@rl0tt3M00r3
59,Elijah,Jackson,elijah.jackson@email.com,3l!j@hJ@ck$0n
60,Abigail,Martin,abigail.martin@email.com,Ab!g@!lM@rt!n
61,Benjamin,Lee,benjamin.lee@email.com,B3nj@m!nL33!
62,Avery,Perez,avery.perez@email.com,Av3ryP3r3z#
63,Carter,Thompson,carter.thompson@email.com,C@rt3rTh0mp$0n
64,Ella,White,ella.white@email.com,3ll@Wh!t3*
65,James,Harris,james.harris@email.com,J@m3$H@rr!$2
66,Scarlett,Sanchez,scarlett.sanchez@email.com,Sc@rl3ttS@nch3z
67,Henry,Clark,henry.clark@email.com,H3nryCl@rk!
68,Grace,Ramirez,grace.ramirez@email.com,Gr@c3R@m!r3z
69,Alexander,Lewis,alexander.lewis@email.com,Al3x@nd3rL3w!$
70,Lily,Robinson,lily.robinson@email.com,L!lyR0b!n$0n
71,Jack,Walker,jack.walker@email.com,J@ckW@lk3r#
72,Chloe,Young,chloe.young@email.com,Chl03Y0ung!
73,Ryan,Allen,ryan.allen@email.com,Ry@nAll3n$%
74,Layla,King,layla.king@email.com,L@yl@K!ng*
75,Owen,Wright,owen.wright@email.com,0w3nWr!ght2
76,Zoey,Scott,zoey.scott@email.com,Z03ySc0tt!
77,Wyatt,Torres,wyatt.torres@email.com,Wy@ttT0rr3$
78,Madison,Hill,madison.hill@email.com,M@d!$0nH!ll
79,Gabriel,Green,gabriel.green@email.com,G@br!3lGr33n
80,Penelope,Adams,penelope.adams@email.com,P3n3l0p3Ad@m$
81,Isaac,Baker,isaac.baker@email.com,!$@@cB@k3r#
82,Riley,Nelson,riley.nelson@email.com,R!l3yN3l$0n
83,Julian,Carter,julian.carter@email.com,Jul!@nC@rt3r
84,Nora,Mitchell,nora.mitchell@email.com,N0r@M!tch3ll
85,Luke,Hall,luke.hall@email.com,Luk3H@ll!$
86,Hannah,Rivera,hannah.rivera@email.com,H@nn@hR!v3r@
87,Levi,Campbell,levi.campbell@email.com,L3v!C@mpb3ll
88,Lillian,Reed,lillian.reed@email.com,L!ll!@nR33d
89,Cameron,Cox,cameron.cox@email.com,C@m3r0nC0x!
90,Audrey,Ward,audrey.ward@email.com,Audr3yW@rd#
91,Nathan,Howard,nathan.howard@email.com,N@th@nH0w@rd
92,Leah,Torres,leah.torres@email.com,L3@hT0rr3$2
93,Eli,Gomez,eli.gomez@email.com,3l!G0m3z#!
94,Zoe,Cook,zoe.cook@email.com,Z03C00k$%
95,Dylan,Morgan,dylan.morgan@email.com,Dyl@nM0rg@n
96,Stella,Bell,stella.bell@email.com,St3ll@B3ll!
97,Xavier,Murphy,xavier.murphy@email.com,X@v!3rMurphy
98,Lucy,Bailey,lucy.bailey@email.com,LucyB@!l3y#
99,Caleb,Rivera,caleb.rivera@email.com,C@l3bR!v3r@
100,Paisley,Cooper,paisley.cooper@email.com,P@!$l3yC00p3r